,id,parent_id,slug
0,1,,Furniture
1,2,1,Kitchen & Dining Furniture
2,3,2,Dining Chairs
3,4,2,Dining Benches
4,5,2,Kitchen & Bar Stools
5,6,2,Dining Tables
6,7,2,Dining Table Sets
7,8,2,Sideboards
8,9,2,Display Cabinets & Dressers
9,10,2,Pantry Cupboards
10,11,2,Kitchen Islands & Trolleys
11,12,2,Drinks Trolleys & Bar Carts
12,13,2,Bar Tables & Bar Table Sets
13,14,2,Folding Tables
14,15,2,Seat Cushions
15,16,2,Table Tops & Bases
16,17,1,Living Room Furniture
17,18,17,Sofas & Corner Sofas
18,19,18,Futons & Futon Accessories
19,20,19,Futons
20,21,19,Futon Mattresses
21,22,18,Sofa Beds
22,23,18,Living Room Furniture Sets
23,24,18,Sofas
24,25,18,Corner Sofas
25,26,18,2-Seater Sofas & Love Seats
26,27,17,Chairs
27,28,27,Folding Chairs & Stools
28,29,27,Recliner Chairs
29,30,27,Dining Chairs
30,31,27,Chaise Longues
31,32,27,Nursing Chairs & Gliders
32,33,27,Armchairs
33,34,27,Rocking Chairs
34,35,17,Coffee & Side Tables
35,36,35,Accent & Garden Stools
36,37,35,Coffee Table Sets
37,38,35,Plant Stands & Tables
38,39,35,Lap Trays & Tray Tables
39,40,35,Coffee Tables
40,41,35,Side Tables
41,42,35,Console Tables
42,43,17,Bookcases
43,44,17,Decorative Chests & Cabinets
44,45,17,Media Storage & Media Units
45,46,45,TV Stands & Units
46,47,45,DVD & CD Racks
47,48,45,Media Cabinets
48,49,17,Footstools & Ottomans
49,50,17,Futons & Futon Accessories
50,51,50,Futons
51,52,50,Futon Mattresses
52,53,17,Chair Covers & Sofa Covers
53,54,1,Garden Furniture
54,55,54,Garden Chairs
55,56,55,Garden Lounge Chairs
56,57,55,Sun Loungers
57,58,55,Folding Garden Chairs
58,59,55,Garden Dining Chairs
59,60,54,Garden Lounge Furniture
60,61,60,Garden Lounge Sets
61,62,60,Garden Side Tables
62,63,60,Outdoor Serving Carts
63,64,60,Garden Sofas
64,65,60,Garden Lounge Chairs
65,66,60,Accent & Garden Stools
66,67,60,Garden Coffee Tables
67,68,60,Garden Footstools
68,69,54,Garden Dining Furniture
69,70,69,Outdoor Dining Sets
70,71,69,Garden Bistro Tables
71,72,69,Garden Bistro Sets
72,73,69,Outdoor Bar Stools
73,74,69,Garden Dining Tables
74,75,69,Garden Dining Chairs
75,76,54,Sun Loungers
76,77,54,Garden Benches
77,78,54,Hammocks
78,79,54,Hammock Stands & Accessories
79,80,54,Outdoor Bar Furniture
80,81,80,Garden Bistro Tables
81,82,80,Garden Bistro Sets
82,83,80,Outdoor Bar Stools
83,84,80,Outdoor Serving Carts
84,85,54,Garden Furniture Covers
85,86,54,Garden Swing Seats
86,87,54,Parasols
87,88,54,Parasol Accessories
88,89,1,Home Office Furniture
89,90,89,Laptop Stands & Office Trolleys
90,91,89,Storage Cabinets
91,92,89,Bookcases
92,93,89,Desks & Writing Bureaus
93,94,89,Office Chairs
94,95,89,Filing Cabinets
95,96,89,Drawing Tables
96,97,1,Bedroom Furniture
97,98,97,Beds
98,99,98,Children's Beds & Bedroom Sets
99,100,99,Bunk Beds
100,101,99,Day Beds
101,102,99,High & Mid Sleeper Beds
102,103,99,Children's Bedroom Furniture Sets
103,104,99,Children's Beds
104,105,98,Four Poster Beds
105,106,98,Day Beds
106,107,98,Divan Beds
107,108,98,Sleigh Beds
108,109,98,Panel Beds
109,110,98,High & Mid Sleeper Beds
110,111,98,Bunk Beds
111,112,98,Folding Beds
112,113,97,Headboards
113,114,97,Bedside Tables
114,115,97,Chests of Drawers
115,116,97,Bedroom Furniture Sets
116,117,97,Wardrobes & Armoires
117,118,97,Dressing Tables
118,119,97,Dressing Table Stools
119,120,97,Upholstered Benches
120,121,97,Metal Bed Frames
121,122,97,Mattresses
122,123,1,Children's Furniture
123,124,123,Children's Toy Boxes & Benches
124,125,123,Children's Seating
125,126,125,Children's Tables & Chairs
126,127,125,Children's Chairs
127,128,125,Bean Bags
128,129,123,Children's Beds & Bedroom Sets
129,130,129,Bunk Beds
130,131,129,Day Beds
131,132,129,High & Mid Sleeper Beds
132,133,129,Children's Bedroom Furniture Sets
133,134,129,Children's Beds
134,135,123,Toy Organisers
135,136,123,Bunk Beds
136,137,123,High & Mid Sleeper Beds
137,138,123,Children's Bookcases
138,139,123,Children's Desks
139,140,123,Children's Bedroom Furniture Sets
140,141,123,Children's Bedside Tables
141,142,123,Children's Clothes Storage
142,143,1,Nursery Furniture
143,144,143,Children's Clothes Storage
144,145,143,Nursing Chairs & Gliders
145,146,143,Toy Organisers
146,147,143,Baby Changing Mats & Pads
147,148,143,Moses Baskets & Cradles
148,149,143,Cot Mattresses
149,150,143,"Cots, Cribs & Cot Beds"
150,151,143,Baby Changing Tables
151,152,143,High Chairs & Booster Seats
152,153,1,Bathroom Furniture
153,154,153,Bathroom Worktops
154,155,153,Bathroom Cabinets
155,156,153,Bathroom Organisers
156,157,153,Bathroom Cabinets & Shelves
157,158,153,Bathroom Vanity Units
158,159,1,Storage Furniture
159,160,159,Bathroom Vanity Units
160,161,159,Bookcases
161,162,159,Wardrobes & Armoires
162,163,159,Chests of Drawers
163,164,159,Sideboards
164,165,159,Media Storage & Media Units
165,166,165,TV Stands & Units
166,167,165,DVD & CD Racks
167,168,165,Media Cabinets
168,169,159,Display Cabinets & Dressers
169,170,159,Decorative Chests & Cabinets
170,171,159,Pantry Cupboards
171,172,159,Storage Cabinets
172,173,159,Kitchen Islands & Trolleys
173,174,1,Games Room & Bar Furniture
174,175,174,Kitchen & Bar Stools
175,176,174,Bar Tables & Bar Table Sets
176,177,174,Drinks Trolleys & Bar Carts
177,178,174,Games Tables
178,179,174,Drinks Cabinets
179,180,174,Gaming Chairs
180,181,174,Bean Bags
181,182,1,Hallway Furniture
182,183,182,Umbrella & Coat Stands
183,184,182,Console Tables
184,185,182,Indoor Benches
185,186,185,Dining Benches
186,187,185,Upholstered Benches
187,188,185,Hall Trees
188,189,185,Accent & Storage Benches
189,190,182,Display & Wall Shelves
190,191,182,Shoe Storage
191,192,182,Hall Trees
192,193,1,Mobility Furniture
193,194,,Lighting
194,195,194,Ceiling Lighting
195,196,195,Pendant Lighting
196,197,195,Chandeliers
197,198,195,Track Lighting
198,199,198,Track Lighting Kits
199,200,195,Recessed Lighting
200,201,200,Recessed Housings
201,202,200,Recessed Lighting Kits
202,203,195,Spotlights & Downlights
203,204,195,Flush Ceiling Lights
204,205,195,Kitchen Island Lighting
205,206,195,Ceiling Fans
206,207,194,Lamps
207,208,207,Desk Lamps
208,209,207,Floor Lamps
209,210,207,Lamp Bases
210,211,207,Lamp Sets
211,212,207,Lampshades
212,213,207,Table Lamps
213,214,194,Wall Lighting
214,215,214,Bathroom Wall Lights
215,216,214,Display & Picture Lights
216,217,214,Swing Arm & Reading Lights
217,218,214,Wall Sconces
218,219,194,Outdoor Lighting
219,220,219,Garden Lights
220,221,220,Decking Lights
221,222,220,Path Lights
222,223,219,Outdoor Wall Lights
223,224,219,Outdoor Hanging Lights
224,225,219,Outdoor Fairy Lights
225,226,219,Lamp Posts
226,227,219,Security Lights
227,228,219,Outdoor Table Lamps
228,229,219,Outdoor Floor Lamps
229,230,219,Outdoor Ceiling Lights
230,231,194,Bathroom Wall Lights
231,232,194,Children's Lighting
232,233,232,Children's Lamps
233,234,232,Children's Ceiling Lights
234,235,232,Night Lights
235,236,194,Lighting Accessories
236,237,236,Lighting Hardware
237,238,236,Light Bulbs
238,239,238,Compact Fluorescent Bulbs
239,240,238,Halogen Bulbs
240,241,238,Incandescent Bulbs
241,242,238,LED Bulbs
242,243,236,Lampshades
243,244,236,Ceiling Roses
244,245,236,Ceiling Fan Accessories
245,246,236,Lighting Globes
246,247,236,Lamp Bases
247,248,194,Ceiling Fans
248,249,194,Kitchen Lighting
249,250,249,Under Cabinet Lighting
250,251,249,Kitchen Island Lighting
251,252,194,Novelty Lights
252,253,194,Christmas Lights
253,254,,Home Decor
254,255,254,Rugs
255,256,255,Children's Rugs
256,257,255,Doormats
257,258,255,Floor Rugs
258,259,255,Hall & Stair Runners
259,260,255,Specialist Rugs
260,261,255,Outdoor Rugs
261,262,254,Decorative Accessories
262,263,262,Cushions & Throws
263,264,263,Floor Cushions & Pouffes
264,265,263,Scatter Cushions
265,266,263,Throws
266,267,262,World Globes
267,268,262,Decorative Storage
268,269,268,Magazine Racks
269,270,268,Storage Baskets
270,271,268,Umbrella & Coat Stands
271,272,268,Jewellery Boxes & Organisers
272,273,268,Photo Albums
273,274,268,Decorative Suitcases & Trunks
274,275,268,Decorative Boxes
275,276,268,Decorative Bowls
276,277,268,Display & Wall Shelves
277,278,262,Decorative Jars & Urns
278,279,262,Artificial Plants
279,280,279,Artificial Flowers
280,281,279,Artificial Plants & Trees
281,282,262,Accent & Garden Stools
282,283,262,Bookends
283,284,262,Candles & Home Fragrances
284,285,284,Candles
285,286,284,Candle Holders & Candelabra
286,287,284,Home Fragrances
287,288,262,Picture Frames
288,289,262,"Plants, Pots & Water Features"
289,290,289,Terrariums
290,291,289,Indoor Pots & Planters
291,292,262,Screens & Room Dividers
292,293,262,Ornaments & Statues
293,294,262,Vases
294,295,262,Decorative Plates
295,296,262,Plate Stands & Hangers
296,297,254,Mirrors
297,298,297,Bathroom Mirrors
298,299,297,Makeup Mirrors
299,300,297,Wall Mirrors
300,301,297,Freestanding Mirrors
301,302,254,Artwork & Prints
302,303,302,Drawings & Illustrations
303,304,302,Fine Art Prints
304,305,302,Photographs
305,306,302,Mixed Media Art
306,307,302,Paintings
307,308,302,Sculptures
308,309,254,Cushions & Throws
309,310,309,Floor Cushions & Pouffes
310,311,309,Scatter Cushions
311,312,309,Throws
312,313,254,Wall Decor
313,314,313,Decorative Signs
314,315,313,Tapestries
315,316,313,Wall Mirrors
316,317,313,Wall Panels
317,318,313,Wall Sculptures
318,319,313,Decorative Wall Plaques & Objects
319,320,313,Metal Wall Art
320,321,313,Prints & Posters
321,322,313,Wallpaper
322,323,313,Wall Stickers
323,324,313,Noticeboards & Blackboards
324,325,254,Clocks
325,326,325,Wall Clocks
326,327,325,Floor & Grandfather Clocks
327,328,325,Desk & Mantel Clocks
328,329,325,Cuckoo Clocks
329,330,325,Alarm Clocks
330,331,325,Children's Clocks
331,332,254,Lamps
332,333,332,Desk Lamps
333,334,332,Floor Lamps
334,335,332,Lamp Bases
335,336,332,Lamp Sets
336,337,332,Lampshades
337,338,332,Table Lamps
338,339,254,Window Treatments
339,340,339,Curtain Accessories
340,341,339,Curtains
341,342,339,Curtain Poles & Accessories
342,343,339,Window Blinds & Shutters
343,344,343,Roller Blinds
344,345,254,Fabric
345,346,345,Curtain Fabric
346,347,345,Fabric Trimmings
347,348,345,Upholstery Fabric
348,349,345,Outdoor Fabric
349,350,254,Games Room & Home Bar Decor
350,351,350,Games
351,352,350,Games Tables
352,353,350,Novelty Lights
353,354,254,Seasonal Decorations
354,355,354,Seasonal Outdoor Decorations
355,356,354,Christmas Decorations
356,357,356,Holiday Accents & Figurines
357,358,356,Christmas Ornaments
358,359,356,Christmas Trees
359,360,354,Christmas Ornaments
360,361,354,Christmas Trees
361,362,354,Holiday Accents & Figurines
362,363,354,Christmas Lights
363,364,354,Wreaths & Garlands
364,365,,Kitchen & Dining
365,366,365,Kitchen & Dining Furniture
366,367,366,Dining Chairs
367,368,366,Dining Benches
368,369,366,Kitchen & Bar Stools
369,370,366,Dining Tables
370,371,366,Dining Table Sets
371,372,366,Sideboards
372,373,366,Display Cabinets & Dressers
373,374,366,Pantry Cupboards
374,375,366,Kitchen Islands & Trolleys
375,376,366,Drinks Trolleys & Bar Carts
376,377,366,Bar Tables & Bar Table Sets
377,378,366,Folding Tables
378,379,366,Seat Cushions
379,380,366,Table Tops & Bases
380,381,365,Kitchen Storage & Organisation
381,382,381,Kitchen Cabinets
382,383,381,Kitchen Drawer Dividers
383,384,381,Wine Racks & Wine Cabinets
384,385,381,Glassware & Plate Storage
385,386,381,Cutlery Boxes
386,387,381,Kitchen Cupboard Organisers
387,388,381,Kitchen Roll Holders
388,389,381,Spice Racks & Spice Jars
389,390,381,Utensil Holders & Jars
390,391,381,Food & Drink Carriers
391,392,391,Water Bottles
392,393,391,Picnic Hampers
393,394,391,Thermos Flasks
394,395,391,Lunch Boxes & Bags
395,396,381,Food Containers
396,397,396,Bread Bins
397,398,396,Oil & Vinegar Bottles
398,399,396,Kitchen Canisters & Jars
399,400,396,Food Storage Containers
400,401,381,Napkin Holders
401,402,381,Pot Racks & Accessories
402,403,381,Cookbook Stands
403,404,381,Dish Drainers
404,405,381,Kitchen Islands & Trolleys
405,406,381,Pantry Cupboards
406,407,365,Tableware
407,408,407,Kitchen & Table Linens
408,409,408,Oven Gloves
409,410,408,Aprons
410,411,408,Tea Towels
411,412,408,Napkin Rings
412,413,408,Tablecloths
413,414,408,Napkins
414,415,408,Placemats
415,416,408,Table Runners
416,417,407,Tabletop Accessories
417,418,417,Napkin Rings
418,419,417,Coasters
419,420,417,Trivets
420,421,407,Crockery
421,422,421,Cups & Glassware
422,423,422,Teacups
423,424,422,Christmas Drinkware
424,425,422,Cappuccino & Espresso Cups
425,426,422,Outdoor Drinkware
426,427,422,Bar Glasses
427,428,427,Beer Glasses
428,429,427,Wine Glasses
429,430,427,Shot Glasses
430,431,427,Liquor Glasses
431,432,427,Cocktail Glasses
432,433,422,Wine Glasses
433,434,422,Glasses
434,435,422,Mugs
435,436,421,Saucers
436,437,421,Dessert & Side Plates
437,438,421,Christmas Tableware
438,439,421,Dinner Sets
439,440,421,Dinner Plates
440,441,421,Bowls
441,442,421,Charger Plates
442,443,407,Cups & Glassware
443,444,443,Teacups
444,445,443,Christmas Drinkware
445,446,443,Cappuccino & Espresso Cups
446,447,443,Outdoor Drinkware
447,448,443,Bar Glasses
448,449,448,Cocktail Glasses
449,450,448,Beer Glasses
450,451,448,Wine Glasses
451,452,448,Shot Glasses
452,453,448,Liquor Glasses
453,454,443,Wine Glasses
454,455,443,Glasses
455,456,443,Mugs
456,457,407,Cutlery
457,458,457,Cutlery Sets
458,459,457,Table Knives
459,460,457,Spoons
460,461,457,Forks
461,462,407,Serveware
462,463,462,Fruit Bowls & Baskets
463,464,462,Egg Cups
464,465,462,Chip & Dip Sets
465,466,462,Carafes
466,467,462,Butter Dishes
467,468,462,Cheese Boards & Platters
468,469,462,Drink Dispensers
469,470,462,Condiment Holders & Sets
470,471,462,Speciality Serveware
471,472,462,Tureens
472,473,462,Tea Sets
473,474,462,Gravy Boats
474,475,462,Teapots
475,476,462,Sugar Bowls & Milk Jugs
476,477,462,Dessert & Cake Stands
477,478,462,Jugs
478,479,462,Serving Dishes & Platters
479,480,462,Salad & Serving Bowls
480,481,462,Serving Trays
481,482,462,Serving Utensils
482,483,365,Cookware & Bakeware
483,484,483,Bakeware
484,485,484,Ramekins
485,486,484,Pizza Stones & Pans
486,487,484,Silicone & Chocolate Moulds
487,488,484,Baking Dishes & Baking Tins
488,489,484,Baking Tools
489,490,489,Speciality Baking Tools
490,491,489,Rolling Pins
491,492,489,Cookie Cutters
492,493,484,Cake Tins
493,494,484,Cookie Cutters
494,495,484,Baking Trays
495,496,484,Cupcake & Muffin Trays
496,497,484,Tart & Pie Dishes
497,498,484,Loaf Tins
498,499,483,Cookware
499,500,499,Frying Pans & Skillets
500,501,499,Saucepans
501,502,499,Woks & Stir Fry Pans
502,503,499,Grills & Griddle Pans
503,504,499,Cookware Accessories
504,505,504,Pot & Pan Lids
505,506,504,Steamers
506,507,499,Cookware Sets
507,508,499,Casserole Dishes
508,509,499,Saute Pans
509,510,499,Kettles
510,511,499,Roasting Pans & Racks
511,512,499,Stock Pots
512,513,499,Speciality Cookware
513,514,365,Small Kitchen Appliances
514,515,514,Juicers
515,516,514,Speciality Small Appliances
516,517,514,Toasters
517,518,514,Popcorn Makers
518,519,514,Blenders
519,520,514,Food Processors
520,521,514,Coffee & Tea Makers
521,522,521,Kettles
522,523,521,Cafetieres
523,524,521,Coffee Makers
524,525,521,Tea & Coffee Accessories
525,526,525,Tea Infusers & Strainers
526,527,514,Deep Fat Fryers
527,528,514,Raclette & Fondue Sets
528,529,514,Rice Cookers & Steamers
529,530,365,Large Kitchen Appliances
530,531,530,Major Appliance Parts
531,532,530,Fridges
532,533,530,Extractor Hoods & Vents
533,534,530,Beer & Wine Fridges
534,535,530,Range Cookers
535,536,530,Microwaves
536,537,530,Ovens
537,538,530,Hobs
538,539,365,Kitchen Gadgets & Tools
539,540,539,Cooking Utensils
540,541,540,Kitchen Tongs
541,542,540,Cooking Spoons
542,543,540,Cooking Utensil Sets
543,544,540,Spatulas
544,545,540,Ladles
545,546,539,Baking Tools
546,547,546,Rolling Pins
547,548,546,Cookie Cutters
548,549,546,Speciality Baking Tools
549,550,539,Chopping Boards
550,551,539,Salt & Pepper Mills
551,552,539,"Peelers, Graters & Slicers"
552,553,552,Graters
553,554,552,Mandolines
554,555,552,Peelers & Corers
555,556,552,Food Slicers
556,557,539,Mixing Bowls
557,558,539,Ice Cube Trays & Moulds
558,559,539,Timers & Thermometers
559,560,539,Scales & Measuring Tools
560,561,560,Measuring Jugs & Cups
561,562,560,Kitchen Scales
562,563,539,Can Openers
563,564,539,Colanders & Strainers
564,565,539,Speciality Kitchen Tools
565,566,565,Garlic Crushers
566,567,565,Pizza Stones & Pans
567,568,565,Mortar & Pestle Sets
568,569,565,Pizza Cutters
569,570,539,Spoon Rests
570,571,365,Tiles
571,572,571,Wall & Floor Tiles
572,573,571,Mosaic Tiles
573,574,571,Decorative & Border Tiles
574,575,571,Tile Murals
575,576,365,Drawer & Cabinet Hardware
576,577,576,Cupboard & Drawer Handles
577,578,576,Cabinet Door & Drawer Knobs
578,579,365,Kitchen Fixtures & Fittings
579,580,579,Kitchen Taps
580,581,579,Kitchen Sinks
581,582,579,Kitchen Fixture Parts
582,583,365,Kitchen Lighting
583,584,583,Kitchen Island Lighting
584,585,583,Under Cabinet Lighting
585,586,365,Coffee & Tea Making
586,587,586,Coffee & Tea Makers
587,588,586,Teapots
588,589,586,Thermos Flasks
589,590,586,Saucers
590,591,586,Teacups
591,592,586,Cappuccino & Espresso Cups
592,593,586,Kettles
593,594,586,Mugs
594,595,365,Kitchen & Table Linens
595,596,595,Oven Gloves
596,597,595,Aprons
597,598,595,Tea Towels
598,599,595,Napkin Rings
599,600,595,Tablecloths
600,601,595,Napkins
601,602,595,Placemats
602,603,595,Table Runners
603,604,365,Beer & Wine
604,605,604,Barware
605,606,605,Wine Stoppers & Aerators
606,607,605,Ice Buckets & Tools
607,608,605,Cocktail Shakers & Bar Sets
608,609,605,Bottle Openers & Corkscrews
609,610,605,Decanters
610,611,605,Coasters
611,612,604,Beer & Wine Fridges
612,613,604,Kitchen & Bar Stools
613,614,604,Bar Tables & Bar Table Sets
614,615,604,Drinks Trolleys & Bar Carts
615,616,604,Wine Racks & Wine Cabinets
616,617,604,Games Room & Home Bar Decor
617,618,617,Games
618,619,617,Games Tables
619,620,617,Novelty Lights
620,621,604,Drinks Cabinets
621,622,604,Bar Glasses
622,623,622,Wine Glasses
623,624,622,Shot Glasses
624,625,622,Liquor Glasses
625,626,622,Cocktail Glasses
626,627,622,Beer Glasses
627,628,365,Knives & Knife Accessories
628,629,628,Knife Sharpeners
629,630,628,Knife Blocks
630,631,628,Cheese Knives
631,632,628,Chopping Boards
632,633,365,Kitchen Appliances
633,634,633,Small Kitchen Appliances
634,635,634,Juicers
635,636,634,Speciality Small Appliances
636,637,634,Toasters
637,638,634,Popcorn Makers
638,639,634,Blenders
639,640,634,Food Processors
640,641,634,Coffee & Tea Makers
641,642,641,Cafetieres
642,643,641,Coffee Makers
643,644,641,Tea & Coffee Accessories
644,645,644,Tea Infusers & Strainers
645,646,641,Kettles
646,647,634,Deep Fat Fryers
647,648,634,Raclette & Fondue Sets
648,649,634,Rice Cookers & Steamers
649,650,633,Major Appliance Parts
650,651,633,Fridges
651,652,633,Extractor Hoods & Vents
652,653,633,Beer & Wine Fridges
653,654,633,Range Cookers
654,655,633,Microwaves
655,656,633,Ovens
656,657,633,Hobs
657,658,,Bathroom
658,659,658,Bathroom Accessories
659,660,659,Shower Seats & Benches
660,661,659,Shower Accessories
661,662,661,Shower Caddies
662,663,661,Shower Curtains
663,664,661,Shower Curtain Rails
664,665,661,Grab Rails
665,666,661,Shower Seats & Benches
666,667,659,Bathroom Accessibility
667,668,667,Grab Rails
668,669,667,Shower Seats & Benches
669,670,659,Bathroom Accessory Sets
670,671,659,Bathroom Scales
671,672,659,Soap & Lotion Dispensers
672,673,659,Soap Dishes & Holders
673,674,659,Tissue Box Holders
674,675,659,Toothbrush Holders
675,676,659,Bathroom Organisers
676,677,659,Shower Curtains
677,678,659,Towel Racks & Hooks
678,679,678,Towel Racks & Stands
679,680,678,Heated Towel Rails
680,681,678,Towel Rails
681,682,678,Towel Rings
682,683,678,Robe & Towel Hooks
683,684,659,Toilet Accessories
684,685,684,Toilet Brushes & Holders
685,686,684,Toilet Roll Holders
686,687,659,Bathroom Mirrors
687,688,659,Makeup Mirrors
688,689,659,Bath Mats
689,690,659,Dressing Table Stools
690,691,659,Bins
691,692,659,Children's Bathroom Accessories
692,693,658,Bathroom Cabinets
693,694,658,Bathroom Linens
694,695,694,Children's Towels
695,696,694,Beach Towels
696,697,694,Dressing Gowns & Bathrobes
697,698,694,Shower Curtains
698,699,694,Towels
699,700,694,Bath Mats
700,701,658,Bathroom Wall Lights
701,702,658,Bathroom Vanity Units
702,703,658,Bathroom Sinks
703,704,658,Showers
704,705,704,Shower Heads & Body Jets
705,706,704,Shower Screens & Doors
706,707,704,Shower Wall Panels
707,708,704,Shower Enclosures & Kits
708,709,704,Shower Trays
709,710,704,Bath & Shower Tap Sets
710,711,658,Baths
711,712,658,Bathroom Cabinets & Shelves
712,713,658,Bathroom Taps & Shower Heads
713,714,713,Bathroom Sink Taps
714,715,713,Bidet Taps
715,716,713,Bath Taps
716,717,713,Bath & Shower Tap Sets
717,718,713,Bathroom Sink & Tap Parts
718,719,713,Shower Heads & Body Jets
719,720,713,Shower Head Parts
720,721,713,Shower Wall Panels
721,722,658,Bathroom Fixture Parts
722,723,722,Bathroom Sink & Tap Parts
723,724,722,Shower Head Parts
724,725,722,Shower Screens & Doors
725,726,722,Bidet & Toilet Parts
726,727,722,Toilet Seats
727,728,722,Shower Trays
728,729,722,Bath & Shower Parts
729,730,658,Drawer & Cabinet Hardware
730,731,730,Cupboard & Drawer Handles
731,732,730,Cabinet Door & Drawer Knobs
732,733,658,Tiles
733,734,733,Wall & Floor Tiles
734,735,733,Mosaic Tiles
735,736,733,Decorative & Border Tiles
736,737,733,Tile Murals
737,738,658,Toilets
738,739,658,Bidets
739,740,,Bedroom
740,741,740,Beds & Headboards
741,742,741,Mattresses
742,743,741,Metal Bed Frames
743,744,741,Beds
744,745,744,Children's Beds & Bedroom Sets
745,746,745,Day Beds
746,747,745,High & Mid Sleeper Beds
747,748,745,Children's Bedroom Furniture Sets
748,749,745,Children's Beds
749,750,745,Bunk Beds
750,751,744,Four Poster Beds
751,752,744,Day Beds
752,753,744,Divan Beds
753,754,744,Sleigh Beds
754,755,744,Panel Beds
755,756,744,High & Mid Sleeper Beds
756,757,744,Bunk Beds
757,758,744,Folding Beds
758,759,741,Headboards
759,760,741,Bed Accessories
760,761,740,Bedroom Decor
761,762,761,Wall Mirrors
762,763,761,Table Lamps
763,764,761,Cushions & Throws
764,765,764,Floor Cushions & Pouffes
765,766,764,Scatter Cushions
766,767,764,Throws
767,768,761,Picture Frames
768,769,761,Bins
769,770,761,Wall Decor
770,771,770,Decorative Signs
771,772,770,Tapestries
772,773,770,Wall Mirrors
773,774,770,Wall Panels
774,775,770,Wall Sculptures
775,776,770,Decorative Wall Plaques & Objects
776,777,770,Metal Wall Art
777,778,770,Prints & Posters
778,779,770,Wallpaper
779,780,770,Wall Stickers
780,781,770,Noticeboards & Blackboards
781,782,761,Alarm Clocks
782,783,761,Floor Rugs
783,784,740,Bedding
784,785,784,Duvets
785,786,784,Duvet Covers & Sets
786,787,784,Bed Sheets
787,788,787,Fitted Sheets
788,789,787,Flat Sheets
789,790,787,Sheet & Pillowcase Sets
790,791,784,Pillows & Pillowcases
791,792,784,Bed Cushions
792,793,784,Scatter Cushions
793,794,784,Blankets
794,795,784,Bedspreads
795,796,784,Quilts
796,797,784,Throws
797,798,784,Baby & Children's Bedding
798,799,798,Cot Bedding
799,800,798,Children's Bedding
800,801,784,Mattress Protectors
801,802,740,Wardrobe Organisers
802,803,802,Coat Hangers
803,804,802,Suit & Valet Stands
804,805,802,Wall & Coat Hooks
805,806,802,Wardrobe Storage Solutions
806,807,802,Shoe Storage
807,808,802,Clothes Racks
808,809,802,Storage Boxes
809,810,802,Blanket Boxes & Racks
810,811,740,Bedside Tables
811,812,740,Chests of Drawers
812,813,740,Wardrobes & Armoires
813,814,740,Decorative Chests & Cabinets
814,815,740,Dressing Tables
815,816,740,Bedroom Furniture Sets
816,817,740,Lamps
817,818,817,Desk Lamps
818,819,817,Floor Lamps
819,820,817,Lamp Bases
820,821,817,Lamp Sets
821,822,817,Lampshades
822,823,817,Table Lamps
823,824,740,Chaise Longues
824,825,740,Upholstered Benches
825,826,740,Futons & Futon Accessories
826,827,826,Futons
827,828,826,Futon Mattresses
828,829,,Storage & Organisation
829,830,829,Storage Furniture
830,831,830,Bathroom Vanity Units
831,832,830,Bookcases
832,833,830,Wardrobes & Armoires
833,834,830,Chests of Drawers
834,835,830,Sideboards
835,836,830,Media Storage & Media Units
836,837,836,TV Stands & Units
837,838,836,DVD & CD Racks
838,839,836,Media Cabinets
839,840,830,Display Cabinets & Dressers
840,841,830,Decorative Chests & Cabinets
841,842,830,Pantry Cupboards
842,843,830,Storage Cabinets
843,844,830,Kitchen Islands & Trolleys
844,845,829,Media Storage & Media Units
845,846,845,TV Stands & Units
846,847,845,DVD & CD Racks
847,848,845,Media Cabinets
848,849,829,Wardrobe Organisers
849,850,849,Coat Hangers
850,851,849,Suit & Valet Stands
851,852,849,Wall & Coat Hooks
852,853,849,Wardrobe Storage Solutions
853,854,849,Shoe Storage
854,855,849,Clothes Racks
855,856,849,Storage Boxes
856,857,849,Blanket Boxes & Racks
857,858,829,Bathroom Furniture
858,859,858,Bathroom Worktops
859,860,858,Bathroom Cabinets
860,861,858,Bathroom Organisers
861,862,858,Bathroom Cabinets & Shelves
862,863,858,Bathroom Vanity Units
863,864,829,Wall Organisers
864,865,829,Shelving
865,866,865,Display & Wall Shelves
866,867,865,Bookcases
867,868,865,Utility Shelving
868,869,829,Kitchen Storage & Organisation
869,870,869,Kitchen Drawer Dividers
870,871,869,Wine Racks & Wine Cabinets
871,872,869,Glassware & Plate Storage
872,873,869,Cutlery Boxes
873,874,869,Kitchen Cupboard Organisers
874,875,869,Kitchen Roll Holders
875,876,869,Spice Racks & Spice Jars
876,877,869,Utensil Holders & Jars
877,878,869,Food & Drink Carriers
878,879,878,Picnic Hampers
879,880,878,Thermos Flasks
880,881,878,Lunch Boxes & Bags
881,882,878,Water Bottles
882,883,869,Food Containers
883,884,883,Bread Bins
884,885,883,Oil & Vinegar Bottles
885,886,883,Kitchen Canisters & Jars
886,887,883,Food Storage Containers
887,888,869,Napkin Holders
888,889,869,Pot Racks & Accessories
889,890,869,Cookbook Stands
890,891,869,Dish Drainers
891,892,869,Kitchen Islands & Trolleys
892,893,869,Pantry Cupboards
893,894,869,Kitchen Cabinets
894,895,829,Housekeeping & Utility
895,896,895,Utility Room Sinks
896,897,895,Rubbish & Recycling
897,898,897,Kitchen Bins
898,899,897,Recycling Bins
899,900,897,Compost Bins
900,901,897,Bins
901,902,895,Household Cleaning Supplies
902,903,902,Scrubbing Brushes & Sponges
903,904,902,Squeegees
904,905,902,Cleaning Buckets
905,906,902,Cleaning Cloths
906,907,902,Kitchen Sink Accessories
907,908,902,"Mops, Brooms & Dustpans"
908,909,895,Floor & Vacuum Cleaners
909,910,909,"Mops, Brooms & Dustpans"
910,911,909,Vacuum Cleaners
911,912,895,Laundry Appliances
912,913,912,Tumble Dryers
913,914,912,Washing Machines
914,915,895,Laundry Baskets
915,916,895,Ironing Boards
916,917,895,Step Ladders & Stools
917,918,895,Clothes Airers
918,919,829,Decorative Storage
919,920,919,Display & Wall Shelves
920,921,919,Magazine Racks
921,922,919,Storage Baskets
922,923,919,Umbrella & Coat Stands
923,924,919,Jewellery Boxes & Organisers
924,925,919,Photo Albums
925,926,919,Decorative Suitcases & Trunks
926,927,919,Decorative Boxes
927,928,919,Decorative Bowls
928,929,829,Garden Storage
929,930,929,Utility Carts
930,931,929,Garden Sheds
931,932,929,Tool & Garage Storage
932,933,929,Garden Storage Boxes
933,934,829,Toy Organisers
934,935,829,Office Storage
935,936,935,Media Storage & Media Units
936,937,936,TV Stands & Units
937,938,936,DVD & CD Racks
938,939,936,Media Cabinets
939,940,935,Laptop Stands & Office Trolleys
940,941,935,Storage Cabinets
941,942,935,Bookcases
942,943,935,Desks & Writing Bureaus
943,944,935,Filing Cabinets
944,945,935,Desk Accessories
945,946,935,Storage Boxes
946,947,829,Storage Boxes
947,948,829,Tool & Garage Storage
948,949,,Garden
949,950,949,Garden Furniture
950,951,950,Garden Chairs
951,952,951,Garden Lounge Chairs
952,953,951,Sun Loungers
953,954,951,Folding Garden Chairs
954,955,951,Garden Dining Chairs
955,956,950,Garden Lounge Furniture
956,957,956,Accent & Garden Stools
957,958,956,Garden Coffee Tables
958,959,956,Garden Footstools
959,960,956,Garden Lounge Sets
960,961,956,Garden Side Tables
961,962,956,Outdoor Serving Carts
962,963,956,Garden Sofas
963,964,956,Garden Lounge Chairs
964,965,950,Garden Dining Furniture
965,966,965,Garden Dining Tables
966,967,965,Garden Dining Chairs
967,968,965,Outdoor Dining Sets
968,969,965,Garden Bistro Tables
969,970,965,Garden Bistro Sets
970,971,965,Outdoor Bar Stools
971,972,950,Sun Loungers
972,973,950,Garden Benches
973,974,950,Hammocks
974,975,950,Hammock Stands & Accessories
975,976,950,Outdoor Bar Furniture
976,977,976,Garden Bistro Tables
977,978,976,Garden Bistro Sets
978,979,976,Outdoor Bar Stools
979,980,976,Outdoor Serving Carts
980,981,950,Garden Furniture Covers
981,982,950,Garden Swing Seats
982,983,950,Parasols
983,984,950,Parasol Accessories
984,985,949,Garden Decoration
985,986,985,Garden Wall Art
986,987,985,Outdoor Fabric
987,988,985,Garden Cushions
988,989,985,Outdoor Rugs
989,990,985,Seasonal Outdoor Decorations
990,991,985,Letter Boxes
991,992,985,Doormats
992,993,985,Garden Statues & Art
993,994,985,Garden Water Features
994,995,985,Outdoor Plant Pots & Planters
995,996,985,Plant Accessories
996,997,985,Bird Feeders
997,998,985,Bird Houses
998,999,985,Decorative Thermometers
999,1000,985,Wreaths & Garlands
1000,1001,949,Gardening & Irrigation
1001,1002,1001,Fencing & Gates
1002,1003,1001,Garden Structures
1003,1004,1003,Garden Sheds
1004,1005,1003,Gazebos
1005,1006,1003,Greenhouses
1006,1007,1003,Pergolas & Arbours
1007,1008,1003,Awnings & Canopies
1008,1009,1001,Compost Bins
1009,1010,1001,Outdoor Plant Pots & Planters
1010,1011,1001,Watering Equipment
1011,1012,1011,Watering Cans
1012,1013,1001,Garden Tools
1013,1014,1013,Garden Hand Tools
1014,1015,1013,Shovels & Spades
1015,1016,1013,Gardening Accessories
1016,1017,1001,Outdoor Power Equipment
1017,1018,949,Fire Pits & Accessories
1018,1019,1018,Fire Pits
1019,1020,1018,Tabletop Fireplaces
1020,1021,1018,Fire Pit Accessories
1021,1022,1018,Firewood Storage
1022,1023,949,Outdoor Cooking
1023,1024,1023,BBQs
1024,1025,1023,BBQ Tools & Accessories
1025,1026,949,Outdoor Lighting
1026,1027,1026,Garden Lights
1027,1028,1027,Decking Lights
1028,1029,1027,Path Lights
1029,1030,1026,Outdoor Wall Lights
1030,1031,1026,Outdoor Hanging Lights
1031,1032,1026,Outdoor Fairy Lights
1032,1033,1026,Lamp Posts
1033,1034,1026,Security Lights
1034,1035,1026,Outdoor Table Lamps
1035,1036,1026,Outdoor Floor Lamps
1036,1037,1026,Outdoor Ceiling Lights
1037,1038,949,Garden Structures
1038,1039,1038,Garden Sheds
1039,1040,1038,Gazebos
1040,1041,1038,Greenhouses
1041,1042,1038,Pergolas & Arbours
1042,1043,1038,Awnings & Canopies
1043,1044,949,Pool & Home Spa
1044,1045,1044,Parasols
1045,1046,1044,Sun Loungers
1046,1047,1044,Pool & Hot Tub Supplies
1047,1048,1047,Lilos & Pool Toys
1048,1049,1047,Pool & Hot Tub Accessories
1049,1050,1044,Beach Towels
1050,1051,949,Outdoor Play Equipment
1051,1052,1051,Garden Games
1052,1053,,Home Improvement
1053,1054,1053,Lighting
1054,1055,1054,Ceiling Lighting
1055,1056,1055,Pendant Lighting
1056,1057,1055,Chandeliers
1057,1058,1055,Track Lighting
1058,1059,1058,Track Lighting Kits
1059,1060,1055,Recessed Lighting
1060,1061,1060,Recessed Housings
1061,1062,1060,Recessed Lighting Kits
1062,1063,1055,Spotlights & Downlights
1063,1064,1055,Flush Ceiling Lights
1064,1065,1055,Kitchen Island Lighting
1065,1066,1055,Ceiling Fans
1066,1067,1054,Lamps
1067,1068,1067,Desk Lamps
1068,1069,1067,Floor Lamps
1069,1070,1067,Lamp Bases
1070,1071,1067,Lamp Sets
1071,1072,1067,Lampshades
1072,1073,1067,Table Lamps
1073,1074,1054,Wall Lighting
1074,1075,1074,Bathroom Wall Lights
1075,1076,1074,Display & Picture Lights
1076,1077,1074,Swing Arm & Reading Lights
1077,1078,1074,Wall Sconces
1078,1079,1054,Outdoor Lighting
1079,1080,1079,Garden Lights
1080,1081,1080,Decking Lights
1081,1082,1080,Path Lights
1082,1083,1079,Outdoor Wall Lights
1083,1084,1079,Outdoor Hanging Lights
1084,1085,1079,Outdoor Fairy Lights
1085,1086,1079,Lamp Posts
1086,1087,1079,Security Lights
1087,1088,1079,Outdoor Table Lamps
1088,1089,1079,Outdoor Floor Lamps
1089,1090,1079,Outdoor Ceiling Lights
1090,1091,1054,Bathroom Wall Lights
1091,1092,1054,Children's Lighting
1092,1093,1092,Children's Lamps
1093,1094,1092,Children's Ceiling Lights
1094,1095,1092,Night Lights
1095,1096,1054,Lighting Accessories
1096,1097,1096,Lampshades
1097,1098,1096,Ceiling Roses
1098,1099,1096,Ceiling Fan Accessories
1099,1100,1096,Lighting Globes
1100,1101,1096,Lamp Bases
1101,1102,1096,Lighting Hardware
1102,1103,1096,Light Bulbs
1103,1104,1103,Compact Fluorescent Bulbs
1104,1105,1103,Halogen Bulbs
1105,1106,1103,Incandescent Bulbs
1106,1107,1103,LED Bulbs
1107,1108,1054,Ceiling Fans
1108,1109,1054,Kitchen Lighting
1109,1110,1109,Under Cabinet Lighting
1110,1111,1109,Kitchen Island Lighting
1111,1112,1054,Novelty Lights
1112,1113,1054,Christmas Lights
1113,1114,1053,Tiles
1114,1115,1114,Wall & Floor Tiles
1115,1116,1114,Mosaic Tiles
1116,1117,1114,Decorative & Border Tiles
1117,1118,1114,Tile Murals
1118,1119,1053,Bathroom Fittings & Fixtures
1119,1120,1119,Bathroom Taps & Shower Heads
1120,1121,1120,Bidet Taps
1121,1122,1120,Bath Taps
1122,1123,1120,Bath & Shower Tap Sets
1123,1124,1120,Bathroom Sink & Tap Parts
1124,1125,1120,Shower Heads & Body Jets
1125,1126,1120,Shower Head Parts
1126,1127,1120,Shower Wall Panels
1127,1128,1120,Bathroom Sink Taps
1128,1129,1119,Baths
1129,1130,1119,Showers
1130,1131,1130,Bath & Shower Tap Sets
1131,1132,1130,Shower Heads & Body Jets
1132,1133,1130,Shower Screens & Doors
1133,1134,1130,Shower Wall Panels
1134,1135,1130,Shower Enclosures & Kits
1135,1136,1130,Shower Trays
1136,1137,1119,Toilets
1137,1138,1119,Bathroom Sinks
1138,1139,1119,Bidets
1139,1140,1119,Bathroom Fixture Parts
1140,1141,1140,Bathroom Sink & Tap Parts
1141,1142,1140,Shower Head Parts
1142,1143,1140,Shower Screens & Doors
1143,1144,1140,Bidet & Toilet Parts
1144,1145,1140,Toilet Seats
1145,1146,1140,Shower Trays
1146,1147,1140,Bath & Shower Parts
1147,1148,1053,Appliances
1148,1149,1148,Laundry Appliances
1149,1150,1149,Tumble Dryers
1150,1151,1149,Washing Machines
1151,1152,1148,Large Kitchen Appliances
1152,1153,1152,Fridges
1153,1154,1152,Extractor Hoods & Vents
1154,1155,1152,Beer & Wine Fridges
1155,1156,1152,Range Cookers
1156,1157,1152,Microwaves
1157,1158,1152,Ovens
1158,1159,1152,Hobs
1159,1160,1152,Major Appliance Parts
1160,1161,1148,Small Kitchen Appliances
1161,1162,1161,Raclette & Fondue Sets
1162,1163,1161,Rice Cookers & Steamers
1163,1164,1161,Juicers
1164,1165,1161,Speciality Small Appliances
1165,1166,1161,Toasters
1166,1167,1161,Popcorn Makers
1167,1168,1161,Blenders
1168,1169,1161,Food Processors
1169,1170,1161,Coffee & Tea Makers
1170,1171,1170,Kettles
1171,1172,1170,Cafetieres
1172,1173,1170,Coffee Makers
1173,1174,1170,Tea & Coffee Accessories
1174,1175,1174,Tea Infusers & Strainers
1175,1176,1161,Deep Fat Fryers
1176,1177,1148,Floor & Vacuum Cleaners
1177,1178,1177,"Mops, Brooms & Dustpans"
1178,1179,1177,Vacuum Cleaners
1179,1180,1053,"Paint, Stains & Wall Coverings"
1180,1181,1180,Wall Stencils
1181,1182,1180,Wallpaper
1182,1183,1180,Paint
1183,1184,1180,Painting Tools
1184,1185,1053,Hardware
1185,1186,1185,Window Parts
1186,1187,1185,Cabinet Door & Drawer Knobs
1187,1188,1185,Door Hardware
1188,1189,1188,Door Handles
1189,1190,1188,Door Knobs
1190,1191,1188,Door Stops
1191,1192,1188,Door Locks
1192,1193,1188,Door Knockers
1193,1194,1188,Door Entry Sets
1194,1195,1185,Cupboard & Drawer Handles
1195,1196,1185,Wall & Shelf Brackets
1196,1197,1185,Towel Racks & Hooks
1197,1198,1197,Towel Racks & Stands
1198,1199,1197,Heated Towel Rails
1199,1200,1197,Towel Rails
1200,1201,1197,Towel Rings
1201,1202,1197,Robe & Towel Hooks
1202,1203,1053,Flooring
1203,1204,1203,Wall & Floor Tiles
1204,1205,1203,Vinyl Flooring
1205,1206,1053,Heating & Cooling
1206,1207,1206,Radiators
1207,1208,1206,Fireplaces & Accessories
1208,1209,1208,Tabletop Fireplaces
1209,1210,1208,Wood Burning Stoves
1210,1211,1208,Fireplaces
1211,1212,1208,Fireplace Accessories
1212,1213,1212,Fire Grates & Baskets
1213,1214,1212,Fire Guards & Screens
1214,1215,1212,Firewood Storage
1215,1216,1212,Fire Tools
1216,1217,1208,Fireplace Surrounds
1217,1218,1206,Ceiling Fans
1218,1219,1206,Space Heaters
1219,1220,1206,Humidifiers & Purifiers
1220,1221,1220,Air Purifiers
1221,1222,1220,Dehumidifiers
1222,1223,1220,Humidifiers
1223,1224,1206,Electric Fans
1224,1225,1053,Windows & Doors
1225,1226,1225,Doors
1226,1227,1226,Internal Doors
1227,1228,1053,Kitchen Fixtures & Fittings
1228,1229,1228,Kitchen Taps
1229,1230,1228,Kitchen Sinks
1230,1231,1228,Kitchen Fixture Parts
1231,1232,1053,Bathroom Furniture
1232,1233,1232,Bathroom Worktops
1233,1234,1232,Bathroom Cabinets
1234,1235,1232,Bathroom Organisers
1235,1236,1232,Bathroom Cabinets & Shelves
1236,1237,1232,Bathroom Vanity Units
1237,1238,1053,Tools & Equipment
1238,1239,1238,Power Tools
1239,1240,1238,Hand Tools & Tool Sets
1240,1241,1238,Painting Tools
1241,1242,1238,Garden Tools
1242,1243,1242,Garden Hand Tools
1243,1244,1242,Shovels & Spades
1244,1245,1242,Gardening Accessories
1245,1246,1238,Outdoor Power Equipment
1246,1247,1238,Tool & Garage Storage
1247,1248,1238,Step Ladders & Stools
1248,1249,1053,Home Safety & Security
1249,1250,1249,First Aid Kits
1250,1251,1249,Safes
1251,1252,1053,Building Materials
1252,1253,1252,Worktops
1253,1254,1253,Bathroom Worktops
1254,1255,1252,Wall Panels
1255,1256,1252,Kitchen Cabinets
1256,1257,1252,Architectural Details
1257,1258,1257,Ceiling Roses
1258,1259,1252,Flooring
1259,1260,1259,Wall & Floor Tiles
1260,1261,1259,Vinyl Flooring
1261,1262,1252,Windows & Doors
1262,1263,1262,Doors
1263,1264,1263,Internal Doors
1264,1265,1053,Electrical Supplies
1265,1266,1265,Light Switches & Plug Sockets
1266,1267,1265,Switch Plates & Plug Socket Covers
1267,1268,1053,Architectural Details
1268,1269,1268,Ceiling Roses
1269,1270,,Baby & Children
1270,1271,1270,Children's Decor
1271,1272,1271,Growth Charts
1272,1273,1271,Piggy Banks
1273,1274,1271,Children's Clocks
1274,1275,1271,Children's Wall Art
1275,1276,1271,Children's Room Accessories
1276,1277,1271,Children's Rugs
1277,1278,1271,Children's Lamps
1278,1279,1271,Children's Ceiling Lights
1279,1280,1270,Nursery Decor
1280,1281,1280,Children's Lamps
1281,1282,1280,Growth Charts
1282,1283,1280,Children's Clocks
1283,1284,1280,Children's Wall Art
1284,1285,1280,Children's Rugs
1285,1286,1270,Children's Tableware
1286,1287,1286,Children's Cutlery
1287,1288,1286,Baby Cups & Bowls
1288,1289,1270,Nursery Furniture
1289,1290,1289,Children's Clothes Storage
1290,1291,1289,Nursing Chairs & Gliders
1291,1292,1289,Toy Organisers
1292,1293,1289,Baby Changing Mats & Pads
1293,1294,1289,Moses Baskets & Cradles
1294,1295,1289,Cot Mattresses
1295,1296,1289,"Cots, Cribs & Cot Beds"
1296,1297,1289,Baby Changing Tables
1297,1298,1289,High Chairs & Booster Seats
1298,1299,1270,Children's Furniture
1299,1300,1299,Toy Organisers
1300,1301,1299,Bunk Beds
1301,1302,1299,High & Mid Sleeper Beds
1302,1303,1299,Children's Bookcases
1303,1304,1299,Children's Desks
1304,1305,1299,Children's Bedroom Furniture Sets
1305,1306,1299,Children's Bedside Tables
1306,1307,1299,Children's Toy Boxes & Benches
1307,1308,1299,Children's Seating
1308,1309,1308,Children's Tables & Chairs
1309,1310,1308,Children's Chairs
1310,1311,1308,Bean Bags
1311,1312,1299,Children's Beds & Bedroom Sets
1312,1313,1312,Children's Bedroom Furniture Sets
1313,1314,1312,Children's Beds
1314,1315,1312,Bunk Beds
1315,1316,1312,Day Beds
1316,1317,1312,High & Mid Sleeper Beds
1317,1318,1299,Children's Clothes Storage
1318,1319,1270,Cot Bedding
1319,1320,1270,Children's Bedding
1320,1321,1270,Children's Rugs
1321,1322,1270,Children's Lighting
1322,1323,1322,Children's Lamps
1323,1324,1322,Children's Ceiling Lights
1324,1325,1322,Night Lights
1325,1326,1270,Toys
1326,1327,1326,Play Mats & Baby Gyms
1327,1328,1326,Toddler & Baby Toys
1328,1329,1326,Children's Toys & Games
1329,1330,1270,Outdoor Play Equipment
1330,1331,1330,Garden Games
1331,1332,,Housekeeping & Utility
1332,1333,1332,Utility Room Sinks
1333,1334,1332,Rubbish & Recycling
1334,1335,1334,Kitchen Bins
1335,1336,1334,Recycling Bins
1336,1337,1334,Compost Bins
1337,1338,1334,Bins
1338,1339,1332,Household Cleaning Supplies
1339,1340,1339,Cleaning Buckets
1340,1341,1339,Cleaning Cloths
1341,1342,1339,Kitchen Sink Accessories
1342,1343,1339,"Mops, Brooms & Dustpans"
1343,1344,1339,Scrubbing Brushes & Sponges
1344,1345,1339,Squeegees
1345,1346,1332,Floor & Vacuum Cleaners
1346,1347,1346,"Mops, Brooms & Dustpans"
1347,1348,1346,Vacuum Cleaners
1348,1349,1332,Laundry Appliances
1349,1350,1349,Tumble Dryers
1350,1351,1349,Washing Machines
1351,1352,1332,Laundry Baskets
1352,1353,1332,Ironing Boards
1353,1354,1332,Step Ladders & Stools
1354,1355,1332,Clothes Airers
1355,1356,,Home Electronics
1356,1357,,Pet Supplies
1357,1358,1357,Small Pet Supplies
1358,1359,1357,Cat Supplies
1359,1360,1359,Cat Beds
1360,1361,1359,Cat Furniture
1361,1362,1357,Dog Supplies
1362,1363,1362,Dog Beds
1363,1364,1362,Cat Bowls & Dog Bowls
1364,1365,1357,Cat Bowls & Dog Bowls
1365,1366,,Seasonal Decorations
1366,1367,1366,Christmas Lights
1367,1368,1366,Wreaths & Garlands
1368,1369,1366,Seasonal Outdoor Decorations
1369,1370,1366,Christmas Decorations
1370,1371,1370,Christmas Ornaments
1371,1372,1370,Christmas Trees
1372,1373,1370,Holiday Accents & Figurines
1373,1374,1366,Christmas Ornaments
1374,1375,1366,Christmas Trees
1375,1376,1366,Holiday Accents & Figurines
